{"extensionType":"field_faas","i18nMap":{"zh-CN":{"rmb":"人民币金额","usd":"美元金额","rate":"汇率"},"en-US":{"rmb":"RMB Amount","usd":"Dollar amount","rate":"Exchange Rate"},"ja-JP":{"rmb":"人民元の金額","usd":"ドル金額","rate":"為替レート"}},"fields":[{"fieldType":25,"uiSchema":{"fieldsConfigEditor":{"component":"OpenFieldMetaEditor","props":{"schema":{"items":[{"key":"account","label":"${{rmb}}","component":"FieldSelect","props":{"supportType":[2]},"validator":{"required":true}}]}}}},"presetFieldConfig":{"fieldProperty":{"propertyType":25,"icon":{"light":"https://lf3-static.bytednsdoc.com/obj/eden-cn/eqgeh7upeubqnulog/chatbot.svg"},"properties":[{"key":"id","hidden":true,"propertyType":1,"title":"id"},{"key":"primaryProperty","extra":{"formatter":"0.00"},"propertyType":2,"title":"${{usd}}"},{"key":"rate","extra":{"formatter":"0.0000"},"propertyType":2,"title":"${{rate}}"}]},"externalEditorConfig":{}},"disableAutoUpdate":false}]}