{"extensionType":"field_faas","i18nMap":{"zh-CN":{},"en-US":{},"ja-JP":{}},"fields":[{"fieldType":25,"uiSchema":{"fieldsConfigEditor":{"component":"OpenFieldMetaEditor","props":{"schema":{"items":[{"key":"account","label":"人民币金额","component":"FieldSelect","props":{"supportType":[2]},"validator":{"required":true}}]}}}},"presetFieldConfig":{"fieldProperty":{"propertyType":25,"icon":{"light":"https://lf3-static.bytednsdoc.com/obj/eden-cn/eqgeh7upeubqnulog/chatbot.svg"},"properties":[{"key":"id","title":"生成结果","propertyType":1},{"key":"primaryProperty","title":"美元金额","extra":{"formatter":"0.00"},"propertyType":2},{"key":"rate","title":"汇率","extra":{"formatter":"0.0000"},"propertyType":2}]},"externalEditorConfig":{}}}]}