{"extensionType":"field_faas","i18nMap":{"zh-CN":{"param_source_label":"OCR 发票来源","res_title_label":"发票抬头","res_number_label":"发票票号","res_date_label":"开票日期","res_amount_label":"合计金额","res_tax_label":"合计税额","res_person_label":"收款人"},"en-US":{},"ja-JP":{}},"fields":[{"fieldType":25,"uiSchema":{"fieldsConfigEditor":{"component":"OpenFieldMetaEditor","props":{"schema":{"items":[{"key":"attachments","label":"${{param_source_label}}","component":"FieldSelect","props":{"supportType":[17]},"validator":{"required":true}}]}}}},"presetFieldConfig":{"fieldProperty":{"propertyType":25,"icon":{"light":"https://lf3-static.bytednsdoc.com/obj/eden-cn/eqgeh7upeubqnulog/chatbot.svg"},"properties":[{"key":"id","title":"id","hidden":true,"propertyType":1},{"key":"title","title":"${{res_title_label}}","propertyType":1},{"key":"primaryProperty","title":"${{res_number_label}}","extra":{"formatter":"0"},"propertyType":2},{"key":"date","title":"${{res_date_label}}","extra":{"dateFormat":"yyyy-MM-dd HH:mm"},"propertyType":5},{"key":"amount","title":"${{res_amount_label}}","extra":{"formatter":"0.00"},"propertyType":2},{"key":"tax","title":"${{res_amount_label}}","extra":{"formatter":"0.00"},"propertyType":2},{"key":"person","title":"${{res_person_label}}","propertyType":1}]},"externalEditorConfig":{}}}]}