{"isDebug":true,"extensionType":"field_object","i18nMap":{},"fields":[{"fieldType":25,"uiSchema":{"fieldsConfigEditor":{"component":"OpenFieldMetaEditor","props":{"schema":{"items":[{"key":"attachments","label":"请选择附件字段","component":"FieldSelect","props":{"supportType":[17]}}]}}}},"presetFieldConfig":{"fieldProperty":{"icon":"https://xxx.svg","propertyType":25,"properties":[{"key":"id","propertyType":1,"title":"id"},{"key":"primaryProperty","propertyType":2,"title":"发票号码"},{"key":"title","propertyType":1,"title":"发票抬头"},{"key":"date","propertyType":5,"title":"开票日期","extra":{"dateFormat":"yyyy/MM/dd"}},{"key":"amount","propertyType":2,"title":"发票金额","extra":{"formatter":"0.00"}}]}}}]}